id,firstname,lastname,email,profession
100,Marcelline,Edison,Marcelline@yopmail.com,doctor
101,Beatriz,Seessel,Beatriz@yopmail.com,police officer
102,Cindelyn,Granoff,Cindelyn@yopmail.com,police officer
103,Melina,Schroth,Melina@yopmail.com,doctor
104,Ida,Santoro,Ida@yopmail.com,worker
105,Alex,Trinetta,Alex@yopmail.com,firefighter
106,Janey,Magdalen,Janey@yopmail.com,firefighter
107,Doralynne,Bettine,Doralynne@yopmail.com,doctor
108,Aeriela,Henrie,Aeriela@yopmail.com,worker
109,Berget,Ursulette,Berget@yopmail.com,firefighter